token_addr_idx,consecutive_sell_fail_windows,total_buy_cnt,total_sell_cnt,total_approval_cnt,imbalance_rate,approval_to_sell_ratio,failed_sell_proxy_frac,max_sell_share,privileged_event_flag,router_only_sell_proxy,total_windows,windows_with_activity,total_burn_events,total_mint_events,avg_burn_frac,avg_reserve_drop
1,0,28,5,17,0.696969696969697,0.0,0.0,1.0,0,0,187108,52,0,1,0.0,0.0
2,1,137,14,80,0.8120300751879699,0.0,0.0,1.0,0,0,385453,203,0,1,0.0,0.0002362390127643661
3,2,1498,4,195,0.9880418535127056,1.25,0.0,1.0,0,0,233398,809,0,1,0.0,0.001317164330710512
4,1,72,8,40,0.7922077922077922,0.0,0.0,1.0,0,0,313936,109,0,1,0.0,0.00021809328126913083
5,2,83,0,75,1.0,99.0,0.0,1.0,0,0,506,54,1,1,0.0,0.012990982807809059
6,0,0,42,25,-1.0,0.023809523809523808,0.0,1.0,0,0,207,21,1,1,0.0,0.0
7,0,0,23,4,-1.0,0.0,0.0,1.0,0,0,12927,22,1,1,0.0,0.0
8,0,24,0,4,1.0,99.0,0.0,1.0,0,0,1308,29,1,1,0.0,0.00029202638352654323
