token_addr_idx,A_consecutive_sell_fail_windows,A_approval_to_sell_ratio,A_failed_sell_proxy_frac,A_imbalance_rate,B_max_sell_share,B_total_owner_sell_cnt,B_total_non_owner_sell_cnt,B_total_sell_cnt
1,0,3.4,0.0,0.6470588235294118,0.8333333333333334,1,5,6
2,1,5.714285714285714,0.05527638190954774,0.7954545454545454,0.3333333333333333,1,14,15
3,3,99.0,0.065,0.9850746268656716,1.0,5,0,5
4,1,5.0,0.038834951456310676,0.7567567567567568,0.4444444444444444,1,8,9
5,10,99.0,0.4489795918367347,0.9428571428571428,1.0,1,0,1
6,5,99.0,0.4,0.875,1.0,1,0,1
7,1,99.0,0.05,0.9444444444444444,1.0,1,0,1
8,0,99.0,0.0,0.92,1.0,1,0,1
